0,2,3,4,5,6,7,8,9,10,11,12,13,14,15
0,-0.12144798174619094,-0.3752172593063468,-0.8203210391242494,0.8903185826068652,0.49469402760339093,1.3777890139332778,-1.0995594144661303,-0.7498767146690369,-0.15472810468999215,0.003246995931916882,-0.1681837861096132,-0.17764588807456097,-0.31303990831030126,-0.022087607247947175
0,-0.042258836445280154,-0.35318782280812205,-0.6168446438587777,0.7981397806584288,0.4343976461263868,1.1584529280726483,-1.0620690709826615,-0.7436587376433336,-0.8121686607563563,-0.7196128358839592,-0.739848615479747,-0.6388638128053049,-0.759831016665062,-0.876104058418078
0,0.09422063033769626,-0.3331688397378907,-0.45920513548375336,0.7025915185865529,0.49469402760339093,1.214096579384942,-0.9202881066393402,-0.7134887901640562,-1.1533533217399292,-1.3567688134873697,-1.0855167373786636,-0.9654272249313411,-0.8424294008750216,-1.327368340908364
0,-0.06239076249879091,-0.3814197220097304,-0.6573211310890057,0.6571038069200907,0.49469402760339093,1.2662073004551857,-0.9574456009062919,-0.722412362159431,-1.0405896072356136,-1.2015643995793124,-1.0152724867046041,-0.9227239593257992,-0.77899223274234,-1.0699742258472342
0,0.3929334373923158,-0.24838759092336385,-0.16033550544866226,0.6888730023696821,0.49469402760339093,0.9009023134271739,-0.9221635839554844,-0.713954357584235,-1.2635045238356695,-1.5902891508936512,-1.1740877531277298,-1.0313530862003453,-0.8745703630424361,-1.5080452102045814
0,-0.10522464771902676,-0.3688009185787085,-0.7170512987314509,0.9432672416895201,0.49469402760339093,1.4301941458570255,-1.0810926838959054,-0.746905923067618,-1.192582741293614,-1.3358781373423998,-1.0765930840992675,-0.9281322113449848,-0.8716785256731805,-1.5106482122686475
0,0.38019035653929534,-0.25600164858682795,-0.1605542972715286,0.7528927447150712,0.37375671389808707,0.976094845412147,-1.0181841819741826,-0.7354447139693451,-0.9731205700599498,-0.9103680495474911,-0.8591550689473425,-0.7186538012099779,-0.8343639904688055,-1.1569965071808475
0,0.16168399955956736,-0.3122087933609391,-0.4469527934032517,0.8847830409754981,0.4343976461263868,1.2143321080677456,-1.0712608301157094,-0.7452510960855144,-0.7922757281457997,-0.7348516485843526,-0.7498743077367109,-0.683006842799738,-0.5991172666089193,-0.9239565073218721
0,0.43512481433424804,-0.2273419933367103,-0.09300232196162042,0.8193192442914924,0.49469402760339093,0.9958792547676287,-1.0132170475123126,-0.7344511105890649,-1.282790930668729,-1.681394103278408,-1.2030341665320257,-1.0627319105846331,-0.8536548252226035,-1.5172805188976386
0,0.8389412672480208,0.016778383547500025,0.5985439321624014,0.6852628665231381,0.4343976461263868,0.36660549648775065,-0.8598247662697234,-0.6974178742801657,-1.2893319494893472,-1.64800374279185,-1.1927866352600969,-1.0498014377671412,-0.8639617448107076,-1.617371296895365
0,-0.0199316737742322,-0.3673037724089263,-0.7262405552918269,0.832797084785256,0.49469402760339093,1.3481123999000542,-1.0413172025221178,-0.7398994280568526,-1.323878878751624,-1.7605780604114647,-1.2256188094749079,-1.0772391812036646,-0.8559432653046111,-1.67185605242815
0,0.24863678655664623,-0.28145313347312634,-0.21913580784392653,0.8051193766284152,0.49469402760339093,0.9887545121128275,-0.898403270653344,-0.7078901946049451,-1.1038296573388233,-1.3493037242278099,-1.082346586293842,-0.9844657337286091,-0.6174650137507961,-1.2310394357566508
1,0.985111900562076,0.1740215069794883,0.922410527959944,0.8448308709404058,0.49469402760339093,-0.02013260067536683,-1.043423113911235,-0.740290740420142,-0.6576993434783007,-0.7309358524094415,-0.7473052688214719,-0.7563836674924715,-0.39335879165732357,-0.48672347568377905
1,0.8686572751195597,0.06331824162530288,0.7072287701711363,0.8337597876776689,0.49469402760339093,0.27810559392438805,-1.0040060855398505,-0.7325752864138385,-0.9588755609737891,-1.0666333934536771,-0.9468601969283197,-0.8616435995280384,-0.7410027864981543,-0.9090516461879034
1,0.7549868522163591,-0.02509893360155239,0.5072530440715217,0.9377317000581503,0.49469402760339093,0.3670765538533578,-1.2160630411935702,-0.7645049608762217,-0.6699411481617201,-0.7031780657311297,-0.7289570354546943,-0.7246832713665023,-0.4764264848684761,-0.5637794682926452
1,0.6314110933559788,-0.14645332456361737,0.2226595804784436,0.9278639954109282,0.49469402760339093,0.593772911051592,-1.0491647628961545,-0.7413479909920415,-0.6400043712540854,-0.689000183028865,-0.7194608943947435,-0.721796434140045,-0.4833990757433428,-0.43241700796360155
1,0.9043164845654059,0.07414046965258612,0.7797035614955314,0.7302692267433938,0.49469402760339093,0.16746599517750968,-1.07441649672615,-0.7457873826074924,-0.8419385039637626,-0.8825523939601907,-0.8425815477002846,-0.7877917256714576,-0.6488193246400206,-0.8394837417085427
1,0.7406375006675799,-0.06312644631402171,0.4826936619548022,0.7218455764347909,0.4343976461263868,0.23347290853315172,-1.0184210169936272,-0.7354918600372112,-0.5739542705303635,-0.6715237725142369,-0.707674802212574,-0.7463162794432443,-0.3074082002959857,-0.32089798117774804
1,0.543922882793647,-0.16963770239281686,0.08350798113560493,0.9112573705168242,0.49469402760339093,0.5931840893445837,-1.1432970817057653,-0.7562013596732875,-0.9207312104715892,-1.0983648452158887,-0.9635625279260026,-0.9093860404946997,-0.593463210546928,-0.7956071110258913
1,0.7561112417033898,-0.022874602149304517,0.5700462972340924,0.6145042039308671,0.49469402760339093,0.25938106364152114,-0.42013735219716875,-0.5230068894676461,-0.6925050199759317,-0.7967520915660772,-0.7897051450688028,-0.7895640244750421,-0.3830339936310786,-0.4901466016858387
1,0.9691027359610126,0.23352237332712042,1.0083410163906044,0.8053600523515198,0.49469402760339093,-0.13206760717766367,-0.9822428675368123,-0.727965579628221,-0.8275822057441162,-1.0714365128997505,-0.9494149236490449,-0.9286986161172643,-0.35592581180026667,-0.5043026540068568
1,0.48995218741615004,-0.21018897579149068,-0.0461808718682752,1.0116191470507616,0.49469402760339093,0.9293424018756796,-1.0983240317971343,-0.7496834157907855,0.26282872414809494,0.08792849941891318,-0.08910891142049798,-0.3200692816203419,0.537213913565273,0.8290584101392067
2,-0.25107402689392994,-0.4882731829273329,-0.6058503547597561,-0.6560229383296957,0.071585705010479,0.021320447498024864,0.11280545101840389,-0.17591164457820663,1.0002027003405134,1.410040173450512,1.4546759498177693,1.7705490039852196,-0.022224763904401885,0.6224228353273692
2,-0.4634230128732485,-0.48972755349226427,-0.811405272342456,0.027977466728936497,0.37375671389808707,0.9280469941202611,-0.5406671742551705,-0.5808904742903719,-0.8774119152623073,-0.5910088304744369,-0.6519001801920342,-0.39761192205758306,-0.8459670968221094,-1.165803925123647
2,-0.7320985579171776,-0.5356685531021542,-0.780883813052635,-0.5850236000143202,-0.04935160869482486,0.08644412829315376,0.237495888282869,-0.07319214921472578,0.03716218372260682,0.6330536220937447,0.4785127229994685,0.9989595351669603,-0.6562165284207284,-0.14332331982089755
2,-0.22992479606643842,-0.4706924093336041,-0.5077222222043107,-0.1467531082438186,0.4343976461263868,0.5333009217418293,-0.15379396951881197,-0.36812616326869957,-0.6055325621569113,-0.24616800180996506,-0.3865878743912241,-0.1632299730639616,-0.7341173530092234,-0.8299631725153142
2,-0.4322613613755273,-0.516676184548345,-0.48863263565924364,-1.0784088323754044,0.37375671389808707,0.02226256222923794,0.4156982380489215,0.08763487479384517,0.11559320054660521,0.6081699912285458,0.4503892607797197,0.7490105904964942,-0.5129208467231471,-0.09179814197739342
2,-1.3290958331742144,-0.5752359875892569,-0.9736394089976681,-0.7823776929587528,0.4343976461263868,0.22587710851274329,-0.0033717274389903785,-0.2642692690179467,0.035715424987293715,0.6176219130300553,0.46090872374741204,0.8955449864217235,-0.565908067762599,-0.24405593394401062
2,-0.7581201431884713,-0.5504261367757222,-0.7074244585253424,-1.0466396369258129,0.37375671389808707,0.43125811991727364,0.6452361785162579,0.3193577983562127,0.2531465695348448,0.7007602456106827,0.5557985733743502,0.8034585331220782,-0.4138966474714342,0.07614897749866385
2,-0.9832122100208104,-0.5597939942380741,-0.6604936125205643,-1.383826324993069,0.4343976461263868,0.11040917176839578,0.7128301732551056,0.39284673164265027,-0.7512935047397162,-0.42228238149932157,-0.5274198684076756,-0.28394727404625475,-0.8107845653660111,-1.0006915818680453
2,-0.34038267757812113,-0.5082493903927133,-0.5396111303870447,-0.7693812039111929,0.4343976461263868,0.05553098867521285,0.5443572621257052,0.21416313442975654,0.14049414416401512,0.786984920004048,0.6565564227519743,1.2207709524403125,-0.5801437741321185,-0.18985643891139758
2,-0.8240843264276345,-0.5421276694346433,-0.8096002398038107,-0.6690194273772555,0.4343976461263868,0.3241514514124453,0.18680039222873326,-0.11597720580330129,-0.314400188958501,0.37495828800353764,0.19713497885684259,0.8544349626272391,-0.782550041932336,-0.6343101269600853
3,-1.9023738444905454,-0.5271134321319698,-1.647572921380969,0.4741902573618373,0.2528194001927832,0.7786629270522298,-0.5975715883866436,-0.6055773340768102,0.548424462955595,0.18129033925423438,0.0008432310991563766,-0.391893060969728,1.1060611191064826,1.2503525113302087
3,-0.6934409765059147,-0.4369852327110777,-1.041081988396143,0.5093289129348709,0.4343976461263868,1.0409241153537716,-0.8435471593927453,-0.6927680933368618,-0.17058680621169459,-0.1771111037499545,-0.3281941207746466,-0.44758343986998983,0.0604183164009095,0.025693526530803694
3,-0.08209434970009946,-0.3612296365200954,-0.3591625744782295,-0.07647579709775143,0.49469402760339093,0.13926143541180752,-0.4383160401761769,-0.532223945735488,-0.42396434087510454,-0.6865889784876635,-0.7178507725119335,-0.8089131423409794,0.13170858848688644,0.2621031660480568
3,-0.5783249099765312,-0.44956126053724876,-0.8662673219261302,-0.3638426104826955,-0.23058530387713286,0.3117273133945677,-0.24782387318487933,-0.4270292818090317,-0.6247299376831825,-0.879060969784531,-0.8404848112040031,-0.8654622639605037,-0.2593822458405736,0.08541994375424257
3,-0.5839468574116872,-0.44263161255139943,-1.0270793117327126,0.5336371609682695,0.37375671389808707,1.0004131819115938,-0.8110943607823327,-0.6830795763903579,-0.9164187565490209,-1.199944070127625,-1.0144853160063414,-0.969664298050426,-0.47045955613902285,-0.5808772695216836
3,-0.038564413845034985,-0.3415528582886714,-0.46981653889275915,0.1822506052379363,0.3134603324210829,0.4707680564575373,-0.5716477551771423,-0.5945333676791531,-0.9090180291722265,-1.2256571553549975,-1.0267651788992394,-0.9883812351060126,-0.3279013600147447,-0.554686789849674
3,-1.9100304014736627,-0.5230497496711323,-1.6603175450629195,0.3776792923975459,0.49469402760339093,1.1313671295502623,-0.644810573346179,-0.6247657836983531,-0.7774186288254681,-0.956200225466649,-0.8858115312294199,-0.8541158973932261,-0.574847286832941,-0.2770391792763573
3,-1.175000931094416,-0.47099183856756055,-1.3203697502847183,0.601989066329511,0.49469402760339093,1.325442764180231,-0.9734799718173538,-0.7260396627558866,-0.1338335698780649,-0.35438286161908783,-0.4744647487063677,-0.6255441650958918,0.16435908614131045,0.6368641481485589
4,0.6897187196120246,-0.23174788063635524,0.861914588937468,-2.6264350833736865,-5.126996030561083,-1.3251381499180857,1.390818423514455,1.2623380882650233,-0.2193314466784008,-0.043241027622447685,-0.21061944284322906,-0.19105689139240606,-0.4166231092878885,-0.09019355166392808
4,0.7020870039693679,-0.2632307258066337,0.5990362137638503,-2.75639997384929,-2.3464714675929956,-1.0976763245007404,1.2000062091995833,0.9932519059186932,-0.48870679428037034,-0.526832210405818,-0.6057648211765837,-0.6295455407452216,-0.350472888167358,-0.16543100858420018
4,0.6201671984856669,-0.20150552800675356,0.8010904621806925,-2.9826351535660782,-4.522309462034567,-1.5966438390196591,1.6108189537392839,1.5961911813425442,-0.38487403273827675,-0.23305104910582897,-0.3755674846155465,-0.3588406018389625,-0.47825902477789617,-0.3109138636717403
4,0.948435386342249,-0.05534128623115405,0.9947759233729067,-2.9852825865202095,-3.132047180550524,-1.4470242432688245,1.0355018848825017,0.776674656658342,0.18445335189083922,0.40948673703354316,0.23363107486720353,0.24127438995208003,-0.2924573564008389,0.2941949723173672
4,0.8557000248404384,-0.10158171507500038,1.2122002973460921,-3.3604960388377374,-4.582950394262867,-1.7166457029079714,1.6279094808181402,1.6232412377807757,-0.386877237141018,-0.4361709196566421,-0.5380824533205065,-0.6053728467540648,-0.27082444625061136,-0.04954393038946841
4,0.7780100655222356,-0.12917198020384502,0.9589487623785827,-3.1657893788474363,-5.1872924120380866,-1.4646888944790766,1.7999669219715702,1.9034656786604953,-0.3211610038177531,-0.1431613438098376,-0.29899724396635796,-0.25650404927322557,-0.5450349912333505,-0.16364813045812718
4,0.9986045744064501,0.01643617870869269,1.0820191627407632,-2.5034497888680716,-2.7695797901859116,-1.3652369081653577,1.1164738577467461,0.8815157250758019,-0.13644886451497734,-0.15878594923682307,-0.3125222677819623,-0.4414078007399739,0.021778541969356455,0.1271392919043462
4,0.707280612552321,-0.2469759959632834,0.9069310064921676,-2.3696340868228214,-3.857671062782343,-1.5214513070346865,1.9165281572172534,2.1021863547165243,0.21363892714744595,0.4652337860261216,0.2930982430723212,0.3428983687720458,-0.3675244485440353,0.34322412078436926
4,0.602980102041047,-0.26006533104766544,0.8243370933602153,-2.185757834372155,-3.1926881127788236,-1.6460459802376641,1.8535428439378725,1.9938682637939318,0.30817904604348934,0.6861001220001776,0.5389101838479874,0.727998800557091,-0.3935822721340821,0.26085515135980597
4,0.3911665396269808,-0.29330197601683167,0.6845838165044948,-2.4892499212049968,-4.462013080557563,-1.6567625353052169,1.7262280186201002,1.7814752280567059,0.7214512432423796,1.1174163903302992,1.0648117712600313,1.33715799758292,-0.3124812071184048,0.6234925622030131
4,0.38404540620911687,-0.319908402234105,0.70323581940383,-2.3718001683307492,-3.7970301305540435,-1.7010419276722488,2.1919608838851143,2.5999309662139187,0.4420320513433317,0.6830137801874397,0.5354036961920899,0.5640702967863728,-0.20896505028384513,0.5002956836913824
5,0.5313404290102024,-0.27815941189960536,0.3329306592029578,-3.2180160107607803,-0.5327563127647409,-1.3493976042468319,0.8698453902005533,0.5727679131370318,-0.4035706071638627,-0.1655373219521873,-0.31839026753264765,-0.08444489635204278,-0.6844868087306849,0.06937404061958757
5,0.4707840237800943,-0.33706141977932463,0.32467126788976247,-4.365557858515725,-1.1977392627682644,-1.9058929995404714,1.136636839131914,0.9080943208353713,-0.8402135223947353,-0.7704988965214754,-0.7729885018766061,-0.6186376810984184,-0.8012575926417942,-0.677651894204915
5,0.5007677434342591,-0.2301224076520203,0.3947940471183468,-2.5101887091149533,-0.6536936264700448,-0.6333315263539155,1.0673145888457662,0.8174560053626039,0.036216226087978975,0.3149675190184446,0.13502005466665964,0.37653550379677736,-0.5633827383752275,0.5473636662197047
5,0.40904968670642927,-0.2941574881138501,0.10123011878775874,-1.4959812119590514,0.2528194001927832,-0.1799976941281477,0.020311774505492337,-0.24683111716593634,-0.5260442985647994,-0.5127507758852013,-0.5954027923485441,-0.5725761833269093,-0.5580639030283738,-0.1484936663865085
5,0.6170081994506741,-0.23645319716995666,0.44921851305628896,-1.7065724696741484,-0.5327563127647409,-0.4430243506488003,0.49417384178928814,0.16377577439775648,-0.7085862997646054,-0.6735106050561868,-0.7090129923996206,-0.556698578581395,-0.6568869698510041,-0.3421142308780144
5,0.5140462478525324,-0.2607497407252802,0.13262674536904406,-0.5024718269900041,0.49469402760339093,0.12412871754169118,-0.45617468083161106,-0.5410932997528167,-0.7880189187899743,-0.966693787629958,-0.8918154968279871,-0.7490386765745235,-0.2651703901886201,0.003407549954893797
5,0.6532563748182989,-0.12211400540344283,0.4346141588799772,0.007760705988285758,0.49469402760339093,0.002242624190952553,0.6296178691258423,0.30267987684854486,-0.10142060975037497,0.12766515025791325,-0.05125315693131957,0.08907594630405503,-0.5665561611451988,0.3808428492445051
5,0.6224159774597292,-0.1503459046050512,0.2916337026369813,0.572626628110949,0.3134603324210829,0.417479691973277,-0.8026195076540907,-0.6804570763653006,-0.8947451978026943,-1.0384705244124437,-0.9317178951326485,-0.865553619568936,-0.5809706518961252,-0.7238106088889397
5,0.3967884870621367,-0.3033970187616492,0.003539569878045687,-2.1802222927407855,-0.04935160869482486,-0.5781589324072285,-0.11430012978976944,-0.34200134841234203,-0.9641339725309852,-1.0072020239221429,-0.9145647300077788,-0.703963819374082,-0.7306355271813252,-0.7527110633125796
5,0.4991614727385004,-0.21138669272731656,0.24820352579806096,-0.8415839208420831,-0.35152261758243675,0.019612864547700427,0.4416220712584226,0.11244549300843229,-0.4192345527019653,-0.2349800127387902,-0.37728494795721057,-0.2407908846228892,-0.6464504315863799,-0.12388994824670381
6,1.2603731554586162,1.5862153255278182,1.9810894608532799,0.6720257017524763,0.071585705010479,-1.6867924423626453,0.08867388282091766,-0.1948113245340691,-0.4596603304406206,-0.4083938433420011,-0.5166857225222754,-0.5323797156167466,-0.43083646760973215,-0.3021777608539838
6,1.2595700201107367,1.5705166785475302,1.9819646281447445,0.4058383520005931,0.49469402760339093,-1.8067354240802564,0.18129557826325898,-0.12051501483542289,-0.641339840855913,-0.591934733018258,-0.6525513850424152,-0.6251056581754174,-0.5172116718769112,-0.6021470055657321
6,1.2791665225989948,1.8293518635004578,2.0530719705762266,0.487427422132499,-0.2912262361054326,-1.912252273976162,0.4606968917434383,0.13089139206108275,-0.5739542705303635,-0.4813086686679338,-0.5722170372360794,-0.523627848328943,-0.6339802209832529,-0.42457234420888135
6,1.2509497007101644,1.4883447416289095,1.9409411613573506,0.3978960531381966,0.49469402760339093,-1.7320728316315914,-0.4584790215613446,-0.5422483784155386,-0.9479970481755686,-1.0544423432933623,-0.9403409923272532,-0.8658459575159191,-0.7083500540389628,-0.9341545702030084
6,1.2651919675458927,1.5722277027415672,1.9959673048081747,0.28670386906462425,-0.5933972449930445,-1.8752742707760346,0.20286676787215238,-0.10254057646143458,-0.8937992401680667,-0.9049283721025407,-0.8559419812789795,-0.7760799366704512,-0.7222862965696258,-0.9620387840947869
6,1.270706830267998,1.6849414215237457,2.0090948141801404,0.5413387841075641,0.49469402760339093,-1.8197483838051425,0.08873789228563232,-0.19477007172468613,-0.7648986013083346,-0.732247547679855,-0.7481711565895607,-0.6783477067696965,-0.7083478192341951,-0.6717683963888746
6,1.2718847621115545,1.7819992689304869,2.0420229835214885,0.48381728628595494,0.49469402760339093,-1.842653548207769,0.014166865892869682,-0.2513453531641249,-0.31236916227238815,-0.18058323828928463,-0.3312712425951281,-0.33304177801771256,-0.4753314305323592,-0.1604389498311961
6,1.2528236831885495,1.5059255152226383,1.9392455247301388,0.15697965431212488,-0.04935160869482486,-1.6521697259905515,1.1732502529487896,0.9570672988313856,-0.3925251606654138,-0.22302043821443066,-0.36719485082493425,-0.33205513744664494,-0.4920924662892504,-0.3340912793106869
6,1.2679226277286828,1.6151744100118923,2.04262466103437,0.10547504956809188,-3.0717507990735196,-1.7788841573387595,-0.154498073630675,-0.3686035172058448,-0.6778983212059426,-0.6199625746051841,-0.6722234964017254,-0.6307148925331537,-0.6047266265755589,-0.646647643592509
6,1.2656203063980949,1.6361344563888442,1.9991397862397333,0.7223269278809946,0.2528194001927832,-1.683200629949894,-0.6442984976284605,-0.6245771994268884,-0.06408310546594573,0.14386844477478739,-0.03558130393863514,-0.034162769470966595,-0.2280502829990251,-0.03920323725824613
6,1.277613794259761,2.049218472434195,2.115482338048781,0.4445871434201708,0.3134603324210829,-1.9573560167330055,-0.008812531939749776,-0.2682000724262909,-0.8065763817987034,-0.7845803310420919,-0.7819837161285715,-0.7124050775932161,-0.7082338441910483,-0.799422470215687
7,-1.4532070155998476,-0.4899842071213698,-0.6792003133756156,-1.0728732907440346,0.37375671389808707,-0.523751806679652,0.5332836247300416,0.20284807814186878,0.8112337516819121,0.8813112416558502,0.7696227594115238,0.5664638137272962,0.5896871295081803,0.7267212057026279
7,-1.125527793665044,-0.4591429960238552,-0.8263378142530673,-0.7323171425533364,-0.4121635498107365,0.19737813789353628,0.8352802792545517,0.5320454970176025,0.21188612329504725,0.4525026260485779,0.27935853633900876,0.26206692643124596,0.05516652519708354,0.11786832564876748
7,-1.077768011644481,-0.4611534494518485,-0.8915924754228812,-0.34338517401894286,0.4343976461263868,-0.028611633256287784,-0.2476318447907349,-0.4269408829317827,-0.2689385779296207,-0.05269294942395786,-0.2190636376064106,-0.20114255056331962,0.021376277111191035,-0.43113333571282925
7,-0.8579766381081457,-0.4398084226312386,-0.3964665802768996,-1.4023583556719958,-0.04935160869482486,-0.9548281783805023,1.6688755382356233,1.6884796091906284,1.711868886697751,1.2408700628398155,1.2261102034313125,0.5443374853650205,2.519865659224089,1.6267180837441764
7,-0.5439507170872921,-0.4103788064938045,-0.329899168169889,-1.2235362934064928,-0.7746309401753486,-0.5476579679841929,0.3137951702229317,-0.006421530599221634,0.13723893700956044,0.4349490569886306,0.26053800055327364,0.2964166352017486,-0.11304722965907603,-0.00711143098893574
7,-1.1208160662908175,-0.46004128372572456,-0.5689292346511018,-1.4451986343843242,-0.2912262361054326,-0.34798852713764417,0.4034724302883913,0.0760840881666265,-0.050005030080013446,0.28506858270754626,0.10439195840698436,0.22757104868725192,-0.4722250519054154,-0.0807442975957421
7,-1.7065159043210172,-0.4572180938055637,-0.4717309673428376,-2.28515690801368,-0.6536936264700448,-0.8236975842297314,1.956662091593444,2.172257198082662,0.3988796898342784,0.6596733202286096,0.5086398924511584,0.5297936725026159,0.0357684198144415,0.3059619679494475
7,-1.5191176564824858,-0.4841667248616444,-1.110274902377547,-0.09693323356150403,0.49469402760339093,0.377204287213902,-0.5448917989263485,-0.5827881035219864,-0.8073832280164742,-0.4577753123458074,-0.5544699160388843,-0.2724364673837991,-0.8236101099271842,-1.1116579164348162
7,-1.4077495549098724,-0.4854499930071721,-0.530695363605251,-1.1250999226573786,0.3134603324210829,-0.36429888842177716,0.6622626961303996,0.3376268996543649,1.262149498282317,1.079994495850852,1.0170090415837152,0.6074093974266027,1.210739374420187,1.2726384879061186
7,-1.5454604958929306,-0.48399562244224076,-0.7890885064101137,-1.0533785571726948,0.49469402760339093,-0.2275156058837258,0.3345342367905327,0.012319031377592521,1.0796353193658823,1.0553037613489493,0.985522213653208,0.7073524330514164,1.105725898391345,0.9406665808313638
7,-0.10045937798827581,-0.3519901058722963,-0.051322479705628504,-1.815839247962895,-0.4724599312877406,-0.6796717946954767,0.7971946477492353,0.4879639235627066,-0.6780652549061712,-0.49905513409117686,-0.5852411342436985,-0.4784616355200693,-0.702476987109748,-0.7509995003115498
7,-1.252101924490841,-0.45392437223204274,-0.817148557692691,-0.6632432100227865,0.3134603324210829,0.10740618106265287,0.13085612006798256,-0.16153209387901596,-0.1627687445843289,-0.10612524205698269,-0.2666516843650184,-0.3639017025461056,0.34551236060178997,-0.11551042105416179
7,-0.8098420595919061,-0.42667631194200556,-0.6393802016139856,-0.28610435192043554,0.4343976461263868,0.25054873803639544,-0.1290863161388925,-0.35186076985486087,-0.2232822109171408,0.06921755217918912,-0.10678447164512381,-0.04072210215639756,-0.13776417038857144,-0.4478032461916098
7,-1.0628296941739233,-0.45738919622496743,-0.4217370358179338,-1.5549467641192771,0.37375671389808707,-0.6300930069653691,0.5595275052631169,0.2296034716559366,0.24104387626828255,0.35547575531062997,0.17688322361972086,0.029950596526742958,0.5869159715963742,0.13890628753642656
8,-1.6074090023926968,-0.5192854964442511,-0.4887420315706768,-0.9867113818731716,-0.4121635498107365,-0.329617289878982,1.6626026106935712,1.6785200023538942,1.6832119348252013,1.1245535557722557,1.0740431367214753,0.37180328327999024,1.9070821919521483,1.8795302020212992
8,-1.5117823536385202,-0.4978121428090885,-0.5822755358459341,-0.7927267490521813,-0.2912262361054326,-0.12941790949612617,1.8882999832780187,2.053390174475008,2.345104056230991,1.1484727048209744,1.104957476871428,-0.007486931808767663,5.633842622377706,2.4373927676694773
8,-1.0494441050426,-0.47377225288287045,-0.43081689646687693,-0.9010308244485179,-0.4724599312877406,-0.5346450082593076,1.5674845461273523,1.528477641369716,0.8291791244564702,0.9040730125247919,0.7973168557958566,0.5943272742991135,0.7402235786527387,0.7001563216241433
8,-2.2909307257946097,-0.5018330496650751,-0.833722038274798,-0.7299103853223069,-0.35152261758243675,-0.0867872179087178,1.5425208548885734,1.489876798304266,0.6528971370152308,0.35566865167392575,0.17695478459229028,-0.2534527719515904,2.2219661837049434,0.868103441100201
8,-0.5647786937756315,-0.41978943956100717,-0.25687739728832837,-0.813184185515934,-0.7143345586983445,-0.9084879100389412,2.1492025614556156,2.5201362463503774,1.862665662570781,1.228910488315456,1.2104383504386285,0.40688383691795027,3.1261681926700313,1.828718175428224
8,-1.0165155557795438,-0.430825545612545,-0.71612143348427,-0.4466350592301161,-0.35152261758243675,-0.13624824129742324,2.0309770801273475,2.304207255523186,2.6625563094987523,2.46228983523084,3.062150076642744,3.216708285466755,0.40710357999644603,2.184045785954533
8,-1.3304343920873467,-0.4711629409869642,-0.9458528474936737,-0.08634350174497359,-0.17028892240012872,0.42613537106630034,1.7644416690548463,1.8443562960732485,1.1935953920551683,1.978312859720878,2.28449698773178,3.5943723707254196,-0.3251748981982903,0.46053750147995914
8,-2.779986610296652,-0.522707544832325,-1.19773693356827,-0.1527700013213921,-0.4121635498107365,0.0381018661477644,1.208967534259658,1.0054509509790723,1.5641325619955762,2.081898206810894,2.4457954199030607,3.2843114357065737,0.019409648915715734,0.8500963720268657
8,-1.5456746653190316,-0.5196277012830586,-1.3394593368297854,0.17551168499105452,-0.35152261758243675,0.6501231484122958,1.0530404782143619,0.7990690388947866,1.7855979376319815,1.7867667709678319,1.9944603659082643,1.8909556958988432,0.5202964414746508,1.423826552997092
8,-1.0734846231224573,-0.45961352767721536,-0.8811998638367414,-0.2278608269295181,0.19252301871578287,-0.05081021161050414,1.261263266931664,1.0775844348143564,2.741293371439836,2.5600882914219727,3.2268118745247842,3.213054061129467,0.9568432047747998,1.8096413794792452
8,-2.2913055222902865,-0.5298510708424289,-1.112462820606208,0.14205775947974203,0.2528194001927832,0.5778158427916644,2.0755276675688608,2.3847091664047206,1.566914790332717,1.6837601129677047,1.8429657869789817,1.8357769084058018,0.4404915632241731,1.1717275859703982
8,-1.9488486099545015,-0.5579118676246335,-1.3163221015616955,0.08188882870400158,-0.4121635498107365,0.40711642992992925,1.8561032225264655,1.9983471402412205,2.289181266654461,2.3081656409572413,2.807679258186189,2.886000982942234,1.0134955056330919,1.4043931814228985
8,-2.0793313328066447,-0.5535487559298395,-1.1585184993195219,-0.21967785234401704,-0.6536936264700448,-0.05245891239012801,1.7785237512921062,1.8676935996670174,3.8205197434167415,2.9518608052763904,3.909431991863672,3.21944895371972,1.8666322256588515,2.6251298343449436
9,0.7180961685704306,0.053522628114441834,0.7655367909649516,-2.172279993878389,-0.109647990171829,-1.1626233587837669,2.09159404321228,2.413998661066597,0.32103294096107976,0.3624200243892902,0.18418244282179289,0.09742584891475703,-0.09566044856726087,0.8167565510693041
9,0.8896994212340005,0.10459670030644228,0.8549132506057525,0.03399435980651001,0.49469402760339093,-0.6143125852175442,0.16446108904326173,-0.13436417227111885,0.3809621393430921,0.482594458722772,0.3117040959403483,0.24962429256278204,-0.22525677703954325,0.7739674760435573
9,0.42318486882910694,-0.15680502093754045,0.1927397987015047,-0.15782419150655547,0.4343976461263868,-0.2503030059449505,0.2361516895238578,-0.07437080091138078,0.744293337890305,0.7549641236968923,0.6189153511805039,0.4476832516437656,0.026047019075444704,1.0979164315509846
9,0.6907360243860052,0.052196584364063124,0.7386800947081376,-1.6767286800093801,0.19252301871578287,-0.8499590323623062,2.250529544099172,2.7109010234539843,0.6432428046853523,0.6926585983522456,0.5464956469403368,0.46474847929889807,-0.1594864727295024,1.1558599706483506
9,0.9591438576473079,0.20122679166467455,1.0221795991868854,-0.3611951775285615,-0.35152261758243675,-0.9711974218353359,1.5565389276611181,1.5115050569378845,-0.07081609804182656,0.12149246663243769,-0.0570495957094358,0.043398142087961035,-0.5262402831379566,0.38280401518318535
9,0.8636778359627073,0.11422121139789965,0.8665639151733727,-0.47359074021764863,0.19252301871578287,-0.506911505859212,-0.047602267556929485,-0.2960398255012814,-0.06708791207005788,-0.0197076713003212,-0.1891511510724285,-0.2723816540187398,-0.21633990601687716,0.25728939510766036
9,0.9378875421067657,0.09086573114929648,0.812905220615462,0.3345983379621158,-0.23058530387713286,-0.15832905531023847,-0.7708004027443548,-0.670279418964685,-0.7566353831470266,-0.530304344945148,-0.6082837674110244,-0.39357400416488025,-0.8272885985746299,-0.7324219102378713
9,0.807137107471996,-0.0006312876268251963,0.6963985749392638,-0.27021975419563987,-0.04935160869482486,-0.8255818136921582,0.6289137650139794,0.3019137532457192,1.1931224132378544,1.0228971723152012,0.9445893373435481,0.7848219890019119,0.20871996077788227,1.9918515239638857
9,0.6595208305317584,-0.01551719811494584,0.6212435837847591,-0.9915248963352332,0.071585705010479,-0.8794589998834271,2.3167793400790084,2.8386668673713835,0.629303840716277,0.8872910289180294,0.7767788566684573,0.9580322225893401,-0.35404857579549487,0.8941334617408637
9,0.9859685782664804,0.2296725688905375,1.0541232053253355,-0.4355639759673792,-0.7746309401753486,-1.0104718296927964,0.8881520971089912,0.5946319021099815,-0.15792766727770396,0.026780352254043367,-0.14642925044853541,-0.07636906056663731,-0.5670031220987158,0.2371428722830376
9,0.7079766631871501,-0.07621578139840383,0.5269990060851871,-0.4386927603677169,0.4343976461263868,-0.8937673673637312,1.742806469981238,1.8086431496646032,0.5256936574411549,0.737410554636945,0.5983773520531048,0.7460872110266642,-0.367725580973118,0.9850602461705763
9,0.6583964410447269,-0.07138213805024975,0.5212010227792352,-0.20860676908128017,0.3134603324210829,-0.4464395165494492,1.4570682194942914,1.360166179087386,0.1957770212230021,0.27947458817195914,0.09881020254657609,0.012044897274034126,-0.22326780079639222,0.5507511346592426
10,-0.17129591567124058,-0.3624273534559212,-0.7477368518884213,0.9548196763984608,0.49469402760339093,1.3041863005572278,-1.1388932305333859,-0.755610265847415,-0.09146023230341108,-0.04555578398200128,-0.21269471104773974,-0.2816816549571365,-0.3216662547131811,0.30631854357466204
10,-0.09001861846584329,-0.34548821393495616,-0.6105543789513771,0.9098133161782076,0.49469402760339093,1.1285407853566218,-1.0609809100825098,-0.7434666174167789,-0.18419190278031286,-0.14431872198961415,-0.30007065855489795,-0.3742431574206293,-0.3361701376548109,0.1428286194137867
10,0.017280264010847726,-0.33838746352970317,-0.48786686427921216,0.9302707526419602,0.37375671389808707,1.0506985556901112,-1.1024782460571259,-0.7503304955722491,-0.1849152821479694,-0.2035379055215227,-0.35080738810655654,-0.43634670003283066,-0.29306075368808693,0.2957995626308329
10,-0.05500191729830057,-0.3505357353073649,-0.6785986358627338,0.8768407421131016,0.49469402760339093,1.2291115329136566,-0.8978463883103251,-0.7077487564013466,-0.7084471883477483,-0.2519548927088485,-0.39131089858080026,-0.03434548068783083,-0.8151379650532676,-1.0501842786478262
10,-0.588605042429388,-0.42355369278788835,-1.0145534798736289,0.9391757543967696,0.49469402760339093,1.2914088695151456,-1.126750635076985,-0.7539265618987434,0.7538363810866981,0.5854082203596034,0.42477043259989766,0.08149343080418331,0.5842789019706233,1.1399923553263025
10,-0.6922630446623583,-0.4452409244473057,-1.1531034017035857,0.8903185826068652,0.49469402760339093,1.3121942757725416,-1.078244262716096,-0.7464315157597143,0.464373344890572,0.3620342316626981,0.18368151601380756,-0.07359185007029881,0.2577739254263839,0.9217680726949922
10,-0.5582465262795455,-0.41795008855241755,-1.0519121836280152,0.9170335878712959,0.49469402760339093,1.4309007319054357,-1.0502465228498346,-0.7415454151512312,-0.7372432516371554,-0.8069370195481123,-0.7961313204055291,-0.7621207997020127,-0.6407516794290369,-0.4368563744975228
10,-0.259533719224926,-0.36738932361862814,-0.7299600162805506,0.8246141101997576,0.49469402760339093,1.0763711821156776,-1.0038972694498352,-0.7325523027057538,0.8541078903572514,0.8340516326483008,0.7127317862189023,0.46918836186870266,0.25410884560754365,1.052274751523521
10,-0.2509669421808792,-0.3634967435771942,-0.6903586963417869,0.9483214318746808,0.4343976461263868,1.2162163375301724,-1.1573727629965536,-0.7580241445221643,0.06011556750401816,-0.031860142187977065,-0.20031466279324478,-0.3987812738455149,0.19267406254661856,0.44841393022266424
10,-0.28250339017427756,-0.38526952644631335,-0.7558321493344669,0.8843016895292917,0.49469402760339093,1.1934289374689477,-1.1634664640374044,-0.7587808389114168,-0.4212377571047065,-0.3644134725104859,-0.48240801666156385,-0.47935692048270473,-0.5548457841630509,-0.09215471760260795
10,-0.46106714918613556,-0.4059301435893085,-0.8868884512312599,0.8888745282682486,0.49469402760339093,1.2305247050104768,-0.9578552614804668,-0.7225072436210117,0.41329163262066776,0.2154329955576473,0.034476888206743765,-0.23657025551332214,0.467912617722447,1.0424689218301204
10,-0.4069358267390628,-0.40747006536394176,-0.9181209839453955,0.8340004634007734,0.49469402760339093,1.1661664924344586,-0.836768557079446,-0.6907879584864814,1.8431900642107955,0.9694648796821763,0.8778945109089279,0.021034289143761438,2.8244695490459906,2.3559152373079506
10,-0.570132929428161,-0.42517916577222337,-1.0573272812439511,0.9134234520247517,0.4343976461263868,1.2476005345137204,-1.0600911785229736,-0.7433098567411237,0.14411104100229807,0.06362355764360197,-0.11207998361525445,-0.3181873560866388,0.1524475767300798,0.5805251993646586
11,0.8746540190503928,0.04432587307149363,0.7495649878957262,0.5158271574586508,0.4343976461263868,-0.23452258419712524,-0.7834038663467024,-0.674375233610561,1.0320870370841466,1.1442289848284597,1.0995188429561586,0.9675332058662877,0.3333326746184492,0.8912808567391471
11,0.8779736451549608,0.07268609908765475,0.7629112890905583,0.5755147367881849,0.49469402760339093,-0.2322850617104937,-0.8953180144540899,-0.7070828181927364,0.4194403572457488,0.2983784317749784,0.11806010416772739,-0.11479322947321556,0.3510770244730777,0.9461935030221892
11,0.8777059333723343,0.04518138516851197,0.7501666654086077,0.5290643222293125,-0.35152261758243675,-0.22039086322892387,-0.9045673821053809,-0.7094931609123959,1.0905138321641028,1.158889108438965,1.1184825006870327,1.0055371389740777,0.1030807394141164,1.1804636887881552
11,0.8789374075724165,0.026445670243808225,0.7093619904440808,0.4289432214184797,0.37375671389808707,-0.23787886792707355,-0.8127266021325604,-0.6835746101029531,1.4659199016945068,1.454020544282027,1.5155743374742732,1.2830754773910646,0.7039526972748262,1.1849208841033372
11,0.5854717514572757,-0.16215197154390565,0.22101864180694802,0.6188363669467195,0.4343976461263868,0.45498763470971204,-0.959852356779569,-0.7229657391310105,-0.19011804913842284,0.20636686648272975,0.02560332760814627,0.21655356231033004,-0.5817304855171043,-0.31020071242131125
11,0.874546934337342,0.05767186178498126,0.8161870979584531,0.3254526604842019,0.49469402760339093,-0.5388845245497678,-0.7137487668440378,-0.6507020142832458,0.3112673194977156,0.17357448472238995,-0.00667067102062388,-0.24501151373245628,0.25191873693530975,0.8905677054887181
11,1.0087240797897306,0.19562318742920376,1.0053873267819122,0.5427828384461834,0.49469402760339093,-0.1177003575266587,-0.9667077704505259,-0.7245239166739884,-0.031531033921398784,0.1375028647860155,-0.04180710855216732,-0.08535845243636463,-0.2511581642958591,0.05011895685800111
11,1.022430923060206,0.2931087908844544,1.195408024941119,-0.2126982563740307,0.3134603324210829,-1.0135925847399407,0.6006855910747448,0.2722117304900139,-0.4078830610864308,-0.3892971033756852,-0.501872601200423,-0.5461195991249477,-0.372508063175751,-0.18486438015839352
11,0.7875941473402631,-0.04190974630796459,0.56315435481381,0.3976553774150921,0.49469402760339093,-0.13465842268850062,-0.8764480242561615,-0.7020264024140866,0.26227227848066664,0.45173104059539315,0.278571365640746,0.3016056337606971,-0.2300169111945004,0.48050573649197464
11,0.7787596585135899,-0.06282701708006538,0.4491638151005727,0.6895950295389931,0.37375671389808707,0.2367703100923988,-1.055604115046465,-0.7425119095424882,1.3535178768740197,1.3155209554354133,1.3260093211381045,1.1615725181762548,0.15537517097561684,1.5340084211883909
11,0.7112427469351932,-0.10752752414927852,0.4084138380917614,0.5037933713035011,0.4343976461263868,0.10034032057855219,-0.93022237556308,-0.7159445109740369,1.3401631808557442,1.338475622667652,1.3569236612880575,1.2406864750785296,0.17075062777660502,1.4644761742715515
11,0.8496497385530797,0.022424763387821643,0.6492489371116198,0.6864662451386527,0.4343976461263868,-0.05499084573026437,-0.9836190710281809,-0.7282649571591713,0.2875905563486475,0.3745724952769455,0.19677717399399605,0.09082997398595292,-0.19627135920395947,0.6154696106356852
12,0.9401898634373537,0.14698732471370568,0.8848877303384083,-0.44326559910667385,0.2528194001927832,-0.5707397788989224,1.2080073922889356,1.0041544341127517,0.06651469267944196,0.5427781240711613,0.3775401907041367,0.6316551759045056,-0.2513592967249418,-0.2725819839611754
12,0.8349791328651491,-0.00388223359549527,0.6068033234755967,0.26648710832397615,-0.4121635498107365,-0.2741502850787907,0.10928493045908894,-0.1786814760653458,-0.20739568711206693,0.12631487571484068,-0.05254125443756765,0.08607948234747916,-0.37894430090639714,-0.3453234115049455
12,0.9060833823307404,0.12260522994868032,0.8459427858682426,0.4467532249280983,0.19252301871578287,-0.46657721892913634,-0.11225182691889522,-0.34062821918573905,0.02208250613530382,0.7642231491351056,0.6296494970659042,1.3004330429931805,-0.5551363087828369,-0.5154099847322903
12,0.7497397012768803,0.01493903253891031,0.6376529704997165,-1.0281076062468832,-0.04935160869482486,-0.5201011120962002,1.7346132584977412,1.795206520322736,0.2652770850847786,0.9019511525285346,0.7945975388382218,1.308106914101484,-0.3380697217072586,-0.20429775173258724
12,0.5936101896491203,-0.10765585096383136,0.3176152316023307,-0.30222962536833575,0.071585705010479,-0.39821501874546095,0.7783118556583642,0.46633566492908785,-0.3643968321769207,0.15698539747892373,-0.02277188984872425,0.33217322034210695,-0.7004209667235693,-0.655027170785051
12,0.7948759078277033,0.02319472427513834,0.6423569946913374,-0.3970558602709034,0.010944772782175455,-0.5278146764580098,0.4841243558290617,0.15381616756102198,-0.2550274362439169,0.5209808350187001,0.35363882586597867,1.1202797831649058,-0.7564944531470569,-0.7115800649440803
12,0.6438864624263722,-0.09567868160557327,0.35732594745252727,0.34205928537830854,0.49469402760339093,0.2787532978020976,0.3881741682215499,0.06170453746743585,-0.7373545407706409,-0.5943845168321189,-0.654283160578593,-0.5420999523539314,-0.694632822375523,-0.821708446791597
12,0.6271277048339551,-0.13246570177736589,0.30662094250330885,-0.08634350174497359,0.13188208648747932,-0.2974676246763238,0.442582213229145,0.11338841436575639,-0.6212243299783853,-0.14875533834542504,-0.30393495107364205,0.04553586332527421,-0.7718453270956015,-0.9597745288746744
12,0.9869858830404611,0.2503759616383836,1.0554359562625322,-0.5518103502261122,0.3134603324210829,-0.854787370359775,0.5259865457525524,0.19554043762260784,-1.062597033382397,-1.0914784450462172,-0.9599630110057651,-0.8212826917226979,-0.8186488433431445,-1.2843296629449668
13,-0.7035069395326707,-0.47390057969742316,-0.7826888455912804,-0.16576649036895197,-0.8352718724036484,0.2294100387547933,0.1549236788007539,-0.14208434088420893,-0.9962687098249611,-0.585086912121246,-0.6476995511022142,-0.19659304126339675,-0.8984000862792001,-1.4525977004837172
13,-0.7091824293243517,-0.4798463887717013,-0.6835214518772211,-0.39633383310159515,-0.4121635498107365,-0.0009958951975939485,0.22661427928134997,-0.08250349761830005,-1.1252806378181786,-1.1107873710121587,-0.9699887032627289,-0.7805929037270011,-0.8724607073418353,-1.445394872854383
13,-1.4313617341375275,-0.5107303754740669,-0.26125323374565046,-0.7448322801546925,-2.104596840182388,-0.7945509097328155,2.660318137203435,3.537607323487782,-0.7464524274330913,-0.4394501578326762,-0.5405870873604333,-0.3172738000023169,-0.775503702500139,-0.986482043203245
13,-0.8740928874222599,-0.5173605942259597,-0.9328347340331409,-0.36841544922164976,-2.225534153887692,-0.16898672820709038,1.2448128344999558,1.0547185918992499,-0.8476142497715298,-0.6573458898119721,-0.6980140709157138,-0.5436529976972786,-0.6937612485161647,-1.1467093003934072
13,-1.295257063850228,-0.5316904218510184,-1.220983564747793,-0.31450408724658735,0.010944772782175455,0.2787532978020976,0.26341972149237014,-0.05085669956311404,-1.1089489574791624,-1.046900095488484,-0.936283485182572,-0.7454575367239817,-0.8558583427234427,-1.4984889834488313
13,-0.7914770313037297,-0.48164296417544,-0.30402703511597273,-0.13640405215039,-1.1374428812912603,-0.3133658107655502,2.3683709686391516,2.9395594526050495,-1.0335783918260188,-1.0203961351715973,-0.921856793112594,-0.7902035137340674,-0.7678360873425533,-1.3376912052583254
13,-0.5308328397385952,-0.47736540369034786,-0.13161907869748693,-0.9402609673142994,-3.2529844942558275,-0.15302965994716278,3.1277792580157495,4.587962782961861,-1.2246367939658127,-1.3229155017289007,-1.0709683916553177,-0.8952624634310835,-0.8774130347068048,-1.651477755447138
14,-0.554605646035826,-0.37774101999255116,-0.6528905966759674,0.2513245377684888,0.19252301871578287,0.6152060211866976,-0.10399460597068391,-0.33506498317752753,0.15788307127114495,-0.011027334951996271,-0.18127944408980146,-0.4510001396253536,1.8655148232750585,0.3059619679494475
14,-1.0443575811726968,-0.45165726517494387,-1.19647888058679,0.6270193415322205,0.4343976461263868,1.0626516363423815,-0.625479715002304,-0.6170632948607129,-0.9243202850265008,-0.9849224939614412,-0.9021274329752283,-0.8342003747550092,-0.64213725838494,-1.0370979532024518
14,-1.6347691465771224,-0.4910108216377919,-1.5294253370332758,0.8383326264166258,0.49469402760339093,1.3605954200886323,-0.7372402403943759,-0.6589643626767971,-0.6758672945198299,-0.48478080320726397,-0.5747216712760062,-0.4709522045069435,-0.6645523502038224,-0.8119917610045002
14,-0.6040787834651979,-0.3955784472153855,-0.9526900919582391,0.6339989375022069,0.4343976461263868,1.0754290673844638,-0.5408592026493151,-0.5809670866506544,-0.6977634315331278,-0.8349841507713679,-0.8136065099069608,-0.8202046955431979,-0.22646357161403938,-0.49027140315466383
14,-0.5779501134808541,-0.3704691671678944,-0.7533707413272233,0.1747896578217462,0.4343976461263868,0.7512827176763389,-0.2813648326954439,-0.44694260222401744,-0.8130033292574986,-1.0250642271633634,-0.9244186759305763,-0.91548859513797,-0.21372518443880217,-0.6511048389076909
14,-0.8957775418150042,-0.4313388528707561,-0.991252150738389,0.052767066208541505,0.4343976461263868,0.6657269236480187,0.32269248581829135,0.0015933009380321782,0.4112884282179263,0.08214160852002918,-0.09461910630833684,-0.4613050522565044,2.357395352620624,0.7907265304286414
14,-1.6274338437331568,-0.4879309780885255,-1.484299523567143,0.5459116228465211,0.19252301871578287,1.171819180821739,-0.36214477716554383,-0.49245034423186596,-0.9103256764906827,-1.0352105758727392,-0.9299431830129289,-0.8803166858915776,-0.5656398911904887,-0.9337979945777939
14,-0.3767914800153217,-0.3697419818854287,-0.7618489244632846,0.5947687946364227,-0.109647990171829,0.9972924268644491,-0.6039725348581253,-0.6082410869112505,-1.2729168023002166,-1.6135717419434925,-1.1817805576789333,-1.0440094921925405,-0.844729014980867,-1.603553991418301
14,-3.3867821367978177,-0.5376790065301476,-1.6378366852634278,0.6520496167349301,0.49469402760339093,1.2815166648374043,-0.3661773734425774,-0.49462495661219447,-0.5660249197695123,-0.7848889652233658,-0.7821912429490225,-0.8471546000306933,0.42853535771759077,-0.28310096490500497
14,-1.1607586642586876,-0.4463958657782805,-1.174271510565881,0.45517687523670125,0.49469402760339093,0.9934650857688941,-0.2617779364927096,-0.4353800290798322,0.0016331278573191658,-0.10014545479480291,-0.2613561723948876,-0.4772922837321373,1.8346745174823789,0.0010898083909994152
14,-1.185120436477697,-0.471291267801517,-1.368175763580961,0.8378512749704193,0.49469402760339093,1.313195272674456,-0.7337197198350609,-0.6577444581707593,-0.16329736796838562,-0.48304473593759906,-0.5735051347423274,-0.7719872054126891,1.7493049753606134,0.27280043480449356
14,-2.1270375724706825,-0.5156067944270719,-1.494199853551834,0.49103755797904314,0.37375671389808707,0.6559524833116792,-0.2628020879281466,-0.4360165009960259,-0.5592919271936316,-0.5538762805399338,-0.6253796837578386,-0.6489129297328455,-0.12864616693682265,-0.5661150386378007
14,-0.5389177355739141,-0.3814197220097304,-0.7850955556428074,0.6185956912236176,0.49469402760339093,0.8908923444080308,-0.3721302536610554,-0.4978308892270959,-1.1497920694683887,-1.4952491126976533,-1.1405328130899683,-1.0402511224616402,-0.6298905282585715,-1.2397755385744074
15,-0.1499325154176477,-0.37761269317799845,-0.2143223877408721,-0.8420652722882895,0.010944772782175455,0.03209588473627859,1.5675485555920667,1.528477641369716,1.2318788539742254,1.0981267540006878,1.0400516747510413,0.6433121515404526,1.4038041582918972,1.1439146872036625
15,-0.18146896341104665,-0.41516967423710766,-0.5248426823435831,0.04795355174648269,0.19252301871578287,0.467823947922495,0.20753945879633406,-0.09865102586247321,1.4172309057945434,2.007054417852,2.329007912669906,3.173040304636169,0.06571480370008702,0.5607352521652504
15,0.37451486674761436,-0.3385157903442559,0.11594386887550404,-0.9145086649422842,-0.04935160869482486,0.029328422713338624,1.545337271336025,1.4941788769970568,1.2392795813510196,1.5213413750723723,1.6098201383480875,1.702215008877943,0.679950894070958,0.6368641481485589
15,0.4319122729427301,-0.30728959880308304,0.11178682424104794,-0.5388138611785525,-0.5933972449930445,0.13755385246148308,1.5039871571302532,1.4308852808866843,2.25023006993449,2.6430337276393034,3.3680016734040823,4.308590517448264,0.7359551015466503,1.0007495736800172
15,0.015888162741189857,-0.32773633792182366,-0.3412216450032094,-0.9145086649422842,0.2528194001927832,0.3313939584086483,1.429160092878631,1.318677639365131,2.1211346750911586,2.423710562571616,2.9979598842480506,3.6173939840503304,0.5010994685210917,1.1143189103108542
15,0.17924589249986436,-0.34754144296780043,-0.26004987871988694,-0.04518795309436649,-0.35152261758243675,0.3111973738582606,1.079924453394585,0.8337213987764428,2.023200237623803,2.2551191410508085,2.721734530130417,3.1160344049744833,0.5649925368263606,1.180998552225977
15,0.2067131213973404,-0.32025060707291236,-0.13118149505175458,-0.8372517578262307,-1.0165055675859564,0.1523921594780946,2.4881966865852903,3.179591870628834,2.1208564522574442,2.3999843098861935,2.9586729103074862,3.4757927909804396,1.1432259223914292,1.0000364224295877
15,0.43539252611687446,-0.2939008344847446,0.1118962201524811,0.28405643611049297,0.37375671389808707,0.31867540953726725,0.1284237604088195,-0.16347686917849666,1.9283262513273032,2.312409360949756,2.814549111552845,3.49040968832959,0.8235594484360014,0.9130319698772352
15,0.20815876502352335,-0.305150818560537,-0.23855358212329278,0.1398916779718145,0.49469402760339093,0.6422918197090844,0.31673960559981335,-0.0037695642817479114,2.0791230272003327,1.6710289529901605,1.824216812165816,1.2474467901025115,1.3336312885897128,1.9405046339329892
16,-0.0855210605177182,-0.36298343631898317,-0.6840684314343863,0.82894627321561,0.49469402760339093,1.1747632893567814,-1.0542343125015678,-0.7422655713378874,-0.670414126979034,-0.47282122868290466,-0.5657049887322699,-0.3477500309752948,-0.7222952357886961,-0.5418500673419498
16,0.4183125143853053,-0.2178885846646566,0.07524858982240963,0.6130601495922479,0.4343976461263868,0.4835454874996196,-0.36131265412425123,-0.49199067007017055,-0.871124079220369,-0.7680876919802739,-0.7714356287718516,-0.5918887589494738,-0.7734186296519817,-0.902579798590259
16,-1.0353089229199222,-0.4704357557044985,-1.280932524213104,0.7663705852088375,0.49469402760339093,1.2493669996347456,-0.9297999130959621,-0.715840200298883,0.10026312240895949,0.9943485105473754,0.9087372900863113,2.046077519016698,-0.7382517418292565,-0.3555214743860818
16,-2.41268604453313,-0.562018325690322,-2.0037113110512617,0.8544578998645234,0.49469402760339093,1.4569266513552068,-0.6639494032959096,-0.6322148624212126,-0.5694748829075668,-0.6124010371639764,-0.6669422966261084,-0.6641693163410209,-0.5084288891403003,-0.18593410703403707
16,-1.4316829882766793,-0.5106020486595141,-1.667482977261784,0.7341200383130397,0.49469402760339093,0.6476500972428607,-0.8302459926250061,-0.6888608629624505,-0.4500894649608564,-0.2689297726789071,-0.40533684920438995,-0.3222800873444009,-0.5951840102179689,-0.3192933908642827
16,-0.8573341298298421,-0.4622228395731216,-1.2596550194393759,0.8031939708435922,0.37375671389808707,1.2888769361750092,-0.9214722817365644,-0.71378345308822,-0.3244996778223219,-0.23189367092605218,-0.3746371919721451,-0.3845297989300936,-0.35221603588607475,-0.13815297325528622
16,-2.2895921668814774,-0.5482018053234742,-1.8470016679234182,0.7656485580395292,0.4343976461263868,1.2812811361546008,-0.5710716699947089,-0.5942917440813389,0.6375670588775852,1.081151874030629,1.0184402610351018,1.4533623315086628,-0.33914242799569966,0.548255105282741
16,-1.4329144624767611,-0.5175316966453634,-1.7589926571755297,0.8905592583299697,0.49469402760339093,1.4943757119209413,-0.9354839535626379,-0.7172251160424525,-0.8760764456604798,-0.935521735321305,-0.8738823171021117,-0.8142848521167921,-0.6333768236960048,-0.8846797022044883
16,0.6660529980278443,-0.11805032294260524,0.43647388937433906,0.3478355027327802,-0.04935160869482486,-0.22050862757032566,-0.13945584942269287,-0.3587440957633259,-0.43954481956309277,-0.3534183798026071,-0.47367757800810495,-0.4302258742678741,-0.44869255770274025,-0.2116075520494857
16,-0.9008105233283816,-0.47171902385002623,-1.4171304339472504,0.9309927798112686,0.49469402760339093,1.3730195581065099,-1.0994569993225864,-0.7498608028711319,-0.35143164812584465,-0.2843614817425965,-0.41793158037659284,-0.46230996394925844,-0.18241556964492947,-0.2695510911468516
16,-1.819811530728541,-0.5467474347585429,-1.7971171323099477,0.7988618078277399,0.49469402760339093,1.4059346915282793,-1.1282548574977829,-0.7541393085299896,-0.1063173316237428,0.4073648770372859,0.23134112374498475,0.7700223804358972,-0.6978509412408461,-0.017630411932765277
16,0.4065867383062656,-0.28277917722350493,0.004578831036659785,0.5577047332785662,0.49469402760339093,0.6046661126312476,-0.17158860070953133,-0.37961801731108546,-0.7615042827370229,-0.45353159235329277,-0.5511781113006949,-0.29381367975693107,-0.8275634795610429,-0.918055180724571
17,-0.7868188462860289,-0.4694091411880764,-1.4662491981806898,0.9740737342466986,0.49469402760339093,1.1776485157211225,-0.8578148690776781,-0.6968521214657714,-0.9897582955160517,-1.2730325021805242,-1.0487415535752822,-0.9656190717090487,-0.5867141001488199,-0.5876343776194994
17,-0.43135114131459723,-0.460383488564532,-0.9034072338576505,0.9468773775360643,0.49469402760339093,1.5087429615719463,-1.086546290289608,-0.7478011090312275,-0.6082869682106805,-0.6469873551029703,-0.6909223785340926,-0.6707103779047656,-0.5012104697409991,-0.2677682130207786
17,0.343620927032519,-0.2628029697581244,-0.24271062675774857,0.9916430620332154,0.49469402760339093,1.1142913000470185,-0.8463059673219538,-0.6935636832321039,-0.5419864669366161,-0.45893269052558416,-0.555257086737147,-0.48450937679828016,-0.5830713683776554,-0.28452726740586304
17,-0.12010942283305873,-0.3736345619268627,-0.7883774329857991,1.095614974413697,0.49469402760339093,1.415355838840414,-1.2077226079412293,-0.7636940485089232,-0.7515160830066875,-0.8849828881377219,-0.844048547637956,-0.8075793504578695,-0.4937685698649395,-0.36992712964474994
17,0.2656097135751647,-0.2979217413407312,-0.3541303625523094,0.9935684678180384,0.49469402760339093,1.25460751282712,-1.084184341041631,-0.7474156899264213,-0.6860502502337652,-0.7093507493566056,-0.7330503230856602,-0.6767033058179172,-0.623029677622084,-0.3559493651363393
17,0.34222882576286173,-0.2818808895216356,-0.34882466084780633,1.0638457789641056,0.49469402760339093,1.1020438085412434,-1.1009548207969135,-0.7500941759070696,-0.612349021582906,-0.6035470940886846,-0.6607308042070901,-0.6091915111865303,-0.5470239674765016,-0.3046737902304858
17,0.5701050951345159,-0.20462814716087088,0.12365628063153383,0.7728688297326174,0.49469402760339093,0.5262350612577286,-0.8068889389505691,-0.6817830595240375,-0.14997049423348152,-0.4606687577952491,-0.5565451842433952,-0.683755958788882,0.8764572772847499,0.7707582954166262
17,0.05384969351762406,-0.33154336675355567,-0.46161184553528045,0.9374910243350485,0.49469402760339093,1.3030675393139117,-1.040325055819038,-0.739714969066326,-0.5179758363870912,-0.5704653677834,-0.6372945856906329,-0.6389734395354235,-0.40406350649405803,-0.07967457072009854
17,0.286330605550454,-0.29916223388140795,-0.38973873172376705,0.6881509752003738,0.49469402760339093,1.1564509342688198,-0.701010883365789,-0.6460875928908417,-0.18327376742905643,-0.4921108650125166,-0.5800887442187064,-0.7405426049903301,0.7280662407170736,0.5657273109182545
17,0.23701809519065725,-0.35122014498497967,-0.24374988791636268,0.4732275544694245,0.37375671389808707,1.1197084597514955,-0.3372450953914797,-0.47877209129218506,-0.17587304005226193,-0.1946646728099012,-0.3432934859867764,-0.36969364812070626,-0.14835714498692673,0.41364780676424456
17,-0.4503586778810766,-0.42333981476363375,-1.1261920074910556,0.9899583319714943,0.49469402760339093,0.9662615229051064,-1.0661208700991096,-0.7443659286613264,-0.9893409612654805,-1.0298673466094368,-0.9270378075266139,-0.8017325915182095,-0.8098817042399066,-1.0070029704343428
18,1.0514508802969158,0.42609814636597015,1.2808462317703304,0.33122887783867355,0.49469402760339093,-0.8550817812132792,0.8704854848477016,0.5735340367398575,0.045481046450657744,0.06323776491700989,-0.11250934945067038,-0.2630999242020295,0.21797205251568624,0.21539175914494949
18,0.9678177194044054,0.228346525140159,1.101163447241547,0.21714858508786802,0.49469402760339093,-0.5434184516937327,0.3377347100262735,0.015206728034397148,-0.07368179322908153,-0.08664270936407474,-0.24947705094837805,-0.3675011135183338,-0.20824991275821778,0.35089049672648226
18,0.8880931505382418,0.14039988156666391,0.846106879735392,0.37190307504307424,0.49469402760339093,-0.25430699355260766,-0.1761332727042835,-0.38255286003575634,1.3955295247648456,1.3703035226115112,1.400432732610213,1.196104938163622,0.3568651688211242,1.394587351729498
18,0.6553445267227854,-0.08459979994918453,0.3513638702794265,0.7326759839744231,0.49469402760339093,0.3194997599270792,-0.09650549859905008,-0.32994374155556166,0.7777635447861088,1.147315326641198,1.103454696447472,1.2801520979212349,-0.1193940751990188,0.4860326586828001
18,0.8762602897461513,0.09155014082691115,0.7543784079987803,0.8046380251822114,0.49469402760339093,0.007070962188421693,-0.9670982281852865,-0.7246123155512375,1.1165833116831116,1.2435706119259613,1.2298313740049183,1.1036530624302479,0.44960956667592206,0.8595456260950513
18,0.9120265839050484,0.13492460414574575,0.8581951279487442,0.7360454440978654,0.49469402760339093,-0.1290057343012202,-0.7376242971826648,-0.6591058008803957,1.6456518522738008,1.3515925753717877,1.3748854654029607,0.9136333968912967,0.835605046133287,1.8472601079393813
18,0.8949465721734792,0.14720120273796036,0.8535458017128396,0.8277428946000953,0.49469402760339093,-0.04321441159009635,-1.0825841044237605,-0.7471528505980672,1.4278033734756783,1.1538738029932658,1.111970452183223,0.6343044885490389,0.9783867227343238,1.5520154902617262
18,0.8799547123463966,0.16148825475816816,0.9442350122908377,0.44506849486637723,0.2528194001927832,-0.27521016415140626,0.033049657983740925,-0.23728993168151427,0.4218608958990614,0.47680756782388856,0.3055498522993855,0.15105159106445123,-0.009128807966350933,0.6776920572356261
18,0.6777252317503584,-0.046101755583355025,0.48794466570358835,0.863844253065539,0.49469402760339093,0.2908830249664704,-0.7450493950895837,-0.6616634750621371,2.544868050837698,1.8724127562713087,2.1227691897250818,1.3188868758964822,1.8972490509747724,2.2829955219515736
18,0.9165776842096985,0.2431468844185778,1.0092708816377853,0.487427422132499,0.4343976461263868,-0.4648107538081114,-0.6559482202065573,-0.6291209017174934,0.31819506805719605,0.7838985781913096,0.6528352521783689,0.9163740651442626,-0.38276581705896834,0.09379947094678459
18,0.6355338548084262,-0.08998952616040064,0.3615923879984162,0.8778034450055118,0.49469402760339093,0.5370104984959823,-0.8184682511174796,-0.6853249078724857,1.834008710698231,1.493371402394435,1.5705331644075229,0.9965842893477233,1.5162148381014469,1.6390199428140786
18,0.9830772910141146,0.3724147622780633,1.1913603762180964,0.229904398412326,0.49469402760339093,-0.7095839374115033,0.05244452579233078,-0.2226864371599592,0.6108576668410338,0.9225910634012191,0.8198585621551971,0.8875056928796912,-0.03413627331563242,0.41632212395335383
19,0.4705163119974679,-0.17117762416745008,0.09061871537875296,0.47274620302321807,-0.109647990171829,0.2911774358199746,-0.3591363323239475,-0.490800231856549,-1.3419188472896448,-1.7777458367448193,-1.2301987117193454,-1.07473969175696,-0.9019824783216396,-1.6988131696943707
19,0.4450836926479527,-0.14970427053228746,0.15116935235694565,0.17671506360656922,0.37375671389808707,0.40193479890825473,0.4216511182673995,0.09329240293778913,-1.2269043100605823,-1.4795087694526898,-1.1346433450475122,-0.9997513541314828,-0.8375463524578474,-1.5374092129410002
19,0.5149029255569374,-0.14807879754795242,0.13880761436501116,0.4210009225560805,0.4343976461263868,0.2918251396976841,-0.11865277339037719,-0.34493029787852963,-1.3442893058328889,-1.7667893233096,-1.2272933362330303,-1.0694794358234345,-0.9075109383556926,-1.7160536011734946
19,-0.04868391922831541,-0.3052363697702388,-0.46347157602964234,0.4390516017888037,0.49469402760339093,0.8626877846423286,0.20465903288416729,-0.10106726184061586,-1.2520473075433236,-1.5892860898045111,-1.1737514165566536,-1.0332788624260958,-0.8612732746753023,-1.4325403215653982
19,0.4262903255075742,-0.19722796752166138,-0.00794700082242445,0.38489956409063675,0.4343976461263868,0.34782208403418313,0.1281037130852453,-0.16371259951782766,-1.3247636273628347,-1.7389157988133106,-1.219679248751653,-1.066230830387586,-0.8974346506196031,-1.6348969888746607
19,0.3905240313486772,-0.1923943241735073,0.012510034615555601,0.4017468647078426,0.49469402760339093,0.5625064784094457,0.20427497609587844,-0.10142085734961238,-1.3267918718206104,-1.8202987744879433,-1.2410759795498842,-1.0917281807010095,-0.8434216541918296,-1.5920544275051314
19,0.5107266217479643,-0.1110351237470541,0.23731863261047229,-0.07840120288257442,0.49469402760339093,0.030447183956654723,1.1487346279630142,0.9242418490795445,-1.2589889672444898,-1.5997410726951609,-1.1772364359207803,-1.040848588140787,-0.8618073930147553,-1.5062266745159871
19,0.36985668172991354,-0.18768900763990584,0.02416069918317548,0.016425032019993218,0.2528194001927832,-0.09467742878263041,1.038574339188813,0.7805642072573034,-1.3446343021466942,-1.8085128066905503,-1.2381348235772847,-1.0802703602914445,-0.8925404281785909,-1.653831154573554
19,0.21431613602393215,-0.22789807619977231,-0.11159962690523889,0.02244192509756673,0.49469402760339093,0.1854839394119671,0.5464055649965792,0.21616684231406988,-1.2604134681531058,-1.6267272739202878,-1.1860455916440658,-1.0506419093647172,-0.8619593597389512,-1.4667002664609532
19,0.308711310578027,-0.21147224393701838,-0.06543455228049203,0.042418010115112925,0.2528194001927832,0.042400264608925126,0.4229953170264107,0.09458891980410959,-1.216184384277579,-1.3056512772138977,-1.0633829285629681,-0.8878626591480762,-0.889548024594794,-1.624395836712092
19,0.29077462114205344,-0.20039336228062962,-0.022606052954453157,-0.4259369470432589,0.2528194001927832,-0.12847579476491242,1.4051565436105744,1.283259155880649,-1.2010407154385219,-1.2693867609142275,-1.0470813390116736,-0.8718388854290705,-0.8848281169256534,-1.6097584072970343
19,0.5615918604469942,-0.12463776608964723,0.22840286582867864,0.47274620302321807,-0.04935160869482486,0.04216473592612218,0.23160701752910565,-0.07826035151034215,-1.2639357692279263,-1.5978313986985293,-1.1765995432649135,-1.0386706704357636,-0.8685699122414691,-1.5368565207219178
20,-1.287065083301858,-0.4854072174023212,-1.0638910359299338,-0.3306293606944849,0.19252301871578287,-1.1348309742129703,-0.36777761006044785,-0.4954853723507525,1.200996119431963,0.839645627183888,0.7193869566678507,0.13857241495261433,2.526346593050087,1.1820682791016206
20,-1.1805157938165212,-0.4896847778874134,-1.192321835952334,-0.21438298643575182,-0.23058530387713286,-0.5004933492528202,-0.18086997309317987,-0.3855643151207098,2.5985650577445147,1.3623947717163705,1.3895554647796742,0.2087517933502211,4.319330458083923,2.7108862722090445
20,-2.6975849236042233,-0.5348130410051358,-1.4646082595091938,0.0383265228223624,0.2528194001927832,-0.4124056218843636,-0.5771525691426167,-0.5969201373648795,2.48838881559374,1.4966506405704691,1.5751846276245294,0.5157431799257455,3.116558532169414,2.480003554882618
20,-1.041091497424654,-0.47890532546498105,-1.2125053816117317,-0.012696730475466855,0.19252301871578287,-0.30783088671967157,-0.4301228286926803,-0.5280809850217457,0.1612773898424566,0.23491552825055553,0.053869911773033616,-0.08605275506044925,0.01373324480604863,0.30293107513512413
20,-2.1321240963405854,-0.5169756137823014,-1.2650701170553118,-0.2882704334283631,0.19252301871578287,-0.727013059938952,-0.1352952342162298,-0.3560037305686031,1.5037582070796214,1.1604322793453339,1.1204146469464047,0.5088001536848993,2.4309204294741864,1.2728167757187259
20,-1.4420166630860611,-0.49156690450085394,-1.1265748931810713,-0.07021822829707604,0.4343976461263868,-0.4742319011202454,0.060381699416968124,-0.2166340606976359,0.3591216468965368,0.39347633887996536,0.21659956339570186,-0.001895968572717685,0.715975946924436,0.3189769782697791
20,-2.9809846166926084,-0.5544898192365598,-1.2224604095521392,-0.2875484062590548,0.3134603324210829,-0.7601048398728242,-0.1370874992282447,-0.35718238226525806,0.07188439337012362,0.048577641306504646,-0.12624905618398283,-0.2962437389412273,0.05623923148552462,0.39778019144219684
20,-1.3561347232194882,-0.499694269422529,-1.3421942346156117,-0.035801599893350744,0.13188208648747932,-0.09302872800300654,-0.2885338927435035,-0.45113860226410923,-0.17375854651603495,-0.005819133143000671,-0.1764848589276562,-0.18846239211293195,-0.3937610565154889,-0.06969045321409079
20,-2.2331585231038167,-0.5263862468495042,-1.0895990751167008,-0.29139921782870076,0.3134603324210829,-0.60983754024428,0.16382099439611358,-0.13489456553461363,1.522955582605893,0.7916144327231546,0.6619950566672438,-0.040886542251575626,1.8295344665169322,2.315265616033491
20,-1.893057474455144,-0.5076077563199495,-0.9833756451152095,-0.18574257538649816,0.2528194001927832,-0.3140135146432598,0.21822903940370866,-0.08963434038306264,-0.04802964796064365,-0.1474050638023522,-0.3027184145399634,-0.4537773501216921,-0.07304422431929582,0.5461156515314535
20,-1.7684644108207834,-0.4955878113568405,-0.9203636001297731,-0.33881233527998594,0.13188208648747932,-0.5596699308071644,-0.056755621011148255,-0.30246347724805095,0.11286661677620723,-0.05211426033406946,-0.21856271079842524,-0.42052390865237577,0.10055541002674477,0.8231749123231663
20,-1.563183015902803,-0.5083777172072661,-1.275298634774302,-0.13495999781177345,0.2528194001927832,0.21940006973565093,-0.09957795290536152,-0.33205942135105737,-0.6933118661937026,-0.6179564524269046,-0.6708209013393664,-0.6198618462514098,-0.5967930696506305,-0.7178557959478565
21,0.602980102041047,-0.11886305943477277,0.266691434830246,0.9266606167954134,0.3134603324210829,0.6086112180682035,-0.7513223226316358,-0.6637909413745993,-0.3324012062998017,-0.11866350567123038,-0.2776005131681267,-0.2440431442830751,-0.3101123140647642,-0.4317930006194762
21,0.6458139872612829,-0.10350661729329194,0.29918202052586196,0.848200331063848,0.2528194001927832,0.034804464588517325,-1.1944790496917337,-0.7623309378217415,-0.7358799597519564,-0.7019628186423643,-0.7281340842701469,-0.6881044857502542,-0.567450083052233,-0.8004208819662878
21,0.6042651185976542,-0.13327843826953342,0.21576763805816127,0.9615585966453452,0.49469402760339093,0.6610163499919514,-1.0296482771046063,-0.7376876881480795,-0.018649316720437067,0.2243062282692691,0.04335044880534151,0.03132093065322572,0.09930391935689693,-0.21624303517727486
21,0.8214864590207751,-0.002513414240265735,0.5649046893967388,0.8828576351906751,0.49469402760339093,-0.08537404581189752,-1.1157026014672073,-0.7523277208722309,-0.8599395213050633,-0.9636267354535495,-0.8900622530000384,-0.8523801408330145,-0.4568272470567514,-0.8956800602423574
21,0.7283763010232873,-0.06351142675768005,0.4156886662020595,0.9143861549171619,0.49469402760339093,-0.06794492328444908,-1.1569438995829644,-0.7579699265441182,-0.38623732462347576,-0.0615661821355791,-0.22707846653417607,-0.09942721613492153,-0.47099590928324336,-0.615589906636321
21,0.7022476310389435,-0.08742298986934544,0.3629051389356129,0.9995853608956146,0.49469402760339093,0.6908696105372774,-1.1950615358206385,-0.7623934063616643,-0.23530143733358877,0.024658492257786078,-0.1483613967079074,-0.10346513402762435,-0.2054564067987359,-0.39620675322306315
21,0.7240393701447386,-0.047727228567690065,0.4573138105023348,0.7608350435774704,0.4343976461263868,0.45816727192755735,-0.8133090882614653,-0.6837573011159346,-0.7704908802659876,-0.7826899466817899,-0.7807743356921498,-0.7404877916252708,-0.5276705581892113,-0.7781349053903779
21,0.7334628248931904,-0.04109700981579707,0.4965869427067994,0.8299089761080228,0.49469402760339093,0.4324357633312903,-0.621639147119415,-0.6154956881041619,-0.8652813997123736,-0.8519204514687673,-0.8240186314157991,-0.7519072426792943,-0.5627346449926276,-1.0344236360133425
21,0.4404255076302519,-0.21681919454338358,-0.032068799293411984,0.9278639954109282,0.49469402760339093,0.8725211071493693,-1.0817199766501107,-0.7470090550910753,-0.5157500537173786,-0.36865719250300044,-0.48562826042718393,-0.46150603459505524,-0.25553838164032666,-0.6855322155221567
21,0.5523290327681181,-0.1530835433155102,0.1484344545711197,0.8696204704200107,0.4343976461263868,0.702704926848146,-0.9605884656237895,-0.7231342863236322,-1.0514681200338338,-1.0967830950368604,-0.9627252645469414,-0.8461862305813121,-0.7720755119866628,-1.3193453893410363
21,0.19884239498812223,-0.286543430450386,-0.32875051109984205,0.6859848936924463,0.4343976461263868,0.981394240775222,-0.5319618870539554,-0.5769537776235443,-1.024230104613226,-0.9924068728573305,-0.9063209059677914,-0.7721333743861807,-0.7691836746174072,-1.3473544047016401
22,-0.27174137651269353,-0.36644826031190786,-0.6946251368876756,0.7389335527751012,0.49469402760339093,0.8378983907772747,-0.946711213673617,-0.7199077273040392,0.38744473136863,0.5846366349064193,0.42398326190163493,0.3251753807362014,0.5670262091648632,0.12018606721266227
22,-0.771398647606744,-0.4116192990344812,-0.9749521599348647,0.6265379900860141,0.49469402760339093,0.7896150108025859,-0.7049794701781077,-0.6475491209946939,2.3078221965133046,1.552976378652936,1.6546173071764914,0.6965724712564182,3.561284680918926,1.934977711742163
22,0.2426935849823388,-0.27623450968131386,-0.2927592562383686,0.8763593906668952,0.49469402760339093,0.9494212220846662,-0.9208449889823591,-0.7136243351091716,0.2998045387486957,0.35547575531062997,0.17681166264715145,-0.0090765193954878,0.5319397743137712,0.3177289635815283
22,0.03066585314217113,-0.29308809799257707,-0.3688441126400547,0.6717850260293717,0.49469402760339093,0.8792925567799658,-0.7674847124721272,-0.6691891661452791,-0.914638130413251,-0.7187640918854562,-0.7392832837964493,-0.561120190029513,-0.6558589596579149,-1.3351773471005628
22,-0.2979235888535624,-0.38377238027653116,-0.8169844638255414,0.8248547859228595,0.3134603324210829,1.1338401807196974,-0.9888422433489099,-0.7293905695294768,0.7140505158655851,0.7279586328354354,0.5873569622774271,0.32168559649409195,0.7976804092273615,0.6343681187720571
22,0.3763888492259995,-0.20599696651610042,-0.005813780549479979,0.7204015220961716,0.4343976461263868,0.3038371025206557,-0.9230533155150203,-0.7141783014065994,0.404499791075303,0.2742663863629635,0.09351469057644546,-0.22173410470393481,1.2339366479077243,0.5307828996472276
22,-0.3257656142467162,-0.3898892917702129,-0.7880492452515,0.8380919506935239,0.49469402760339093,1.0761945356035745,-0.944426075783298,-0.7193673155011229,0.8436745340929735,0.8612500198730535,0.7452204677653804,0.47165496329637163,1.3396652614621938,0.6120821421961473
22,-0.14929000713934412,-0.3513056961946815,-0.6392161077468361,0.7601130164081621,0.37375671389808707,1.0851446255501027,-0.5306176882949442,-0.5763585585167335,-0.35262800631081526,-0.2590920581508051,-0.3971788983314858,-0.4357254818954918,-0.12048912953513573,-0.35430911726035225
22,-0.10147668276225594,-0.35797869055142534,-0.6822087009400245,0.9266606167954134,0.49469402760339093,1.2321734057901,-0.2651064286578801,-0.43736605718869587,0.7827437335095907,0.7837056818280138,0.6527636912057996,0.3632523983307375,0.9671680028010448,0.6489877194058541
22,-0.5270313324252986,-0.4058445923796067,-0.9302092321587477,0.7591503135157492,0.49469402760339093,1.1710537126026284,-0.8690805348674859,-0.7000050147543233,1.455625656847086,1.103720748536275,1.0472793329805439,0.4604182234592124,2.1817396978884047,1.3821072048469887
22,-0.15865991953127087,-0.334665985907673,-0.5636235329465991,0.6650461057824899,0.4343976461263868,0.9981756594249616,-0.5030936184675726,-0.5636526932267929,1.853484309058216,1.2553372900870245,1.2455032269976025,0.43947951800655505,3.1782391437547735,1.6814524422146113
23,1.317609934584156,3.422315388148783,2.363811057001803,-1.0069281426138224,-0.23058530387713286,-2.5590729191248904,0.2529861787438548,-0.059873385042524596,-0.829891455263943,-0.7393075545764928,-0.7527868393202829,-0.6059392515263443,-0.7721850174202746,-0.8027386235301825
23,1.3175028498711054,3.2569021241902685,2.3621154203745913,-0.7992249935759613,-0.17028892240012872,-2.5366388120878702,0.13194428096813443,-0.1607070376913575,-0.9173090696169062,-0.8716151701613009,-0.8359979382239058,-0.6937868045947362,-0.8142753304129796,-0.9188039895375215
23,1.3229106278801606,3.8539212410945836,2.4070771399735746,-0.7270222766450711,-1.681488517589476,-2.69432526522472,-0.11897282071395116,-0.34511298889151115,-0.9093518965726833,-0.8153280113514932,-0.8013910518893752,-0.6134852247828431,-0.8232078450690188,-0.9070191651241803
23,1.332066370845986,6.194174582488512,2.5556367876996555,-2.239428520624116,-2.9508134853682155,-2.987635022136815,0.8967933748454918,0.6049451044557125,-1.141000227923024,-1.1785904427107443,-1.004101818886531,-0.822086621076901,-0.8874875345990801,-1.3722968696853985
23,1.3298175918719237,5.4396129129182516,2.531077405582936,-1.628352859665682,-0.9562091861089522,-2.829930904348755,0.6611745352302475,0.3364482479577099,-1.159223823531296,-1.4072690813982933,-1.1064196974661664,-0.9758636896386342,-0.8292418179414996,-1.2163306912165501
23,1.3144509355491638,3.433009289361514,2.3613496489945596,-0.6500060452521221,0.4343976461263868,-2.487884374747575,-0.3320603287495796,-0.47591975418627996,-0.9167804462328493,-1.0825280537892772,-0.9552686112052166,-0.9023151164020484,-0.5467110948090397,-0.8430316691794277
23,1.3140761390534867,3.5865737107763227,2.3770479622852023,-0.5414612941326837,0.37375671389808707,-2.470514134390827,0.43118852850990735,0.10236802100203234,-0.9902034520499943,-1.1221103875376408,-0.975806610332616,-0.8937642314527957,-0.6340919612216322,-1.0622543635613388
23,1.3147721896883153,3.4518305554959188,2.351558714921302,0.41281794797057947,0.13188208648747932,-2.3636429945688024,-0.9032935937575561,-0.7091631384373325,-0.8929089271001815,-0.9142645560860728,-0.8614450200695613,-0.7834249275883991,-0.7135280966854584,-0.9341189126404869
23,1.315414697966619,3.5412315696343457,2.3632093794889215,-1.4367749840757211,-0.9562091861089522,-2.604117779711033,0.24332074957191724,-0.06824181208877493,-1.0730860342134176,-1.2030111223040332,-1.0159594720412697,-0.8992090257153541,-0.7832540054341255,-1.187768983636864
23,1.3146115626187396,3.274739551413103,2.3484409314454595,-0.780211611450828,-0.2912262361054326,-2.5878074184269004,0.7229436686800467,0.4040439227608726,-1.0041980605858125,-1.1021263243001629,-0.9655161424771455,-0.8661382954629019,-0.7671857591551858,-1.049275010803529
23,1.3336726415417446,7.137804425499844,2.59490991990412,-2.3431597572814953,-2.708938857957608,-3.0368251875402965,3.2781374906308565,4.950221381928766,-1.2668821490369582,-1.5372426509872186,-1.1557824563444938,-0.9960057741857631,-0.8982190670930256,-1.511343534737816
24,0.8635172088931315,0.08444939042165817,0.747541163534215,0.6142635282077625,0.4343976461263868,-0.2576043951118548,-0.13535924368094446,-0.35603909011950274,1.3345987241814623,0.8186199235846114,0.6941259333508751,0.22963568543781931,1.5253775376485472,2.133590334986673
24,0.8260911016819502,0.04560914121702133,0.676980800659898,0.9083692618395884,0.49469402760339093,0.07278346469055892,-0.9686792619637424,-0.7249682683636273,0.9923846387131477,0.7576646727830374,0.6220640339735548,0.18534648646989457,1.2315677548540835,1.258197175084929
24,0.8455805194571574,0.09865089123216414,0.820508236460059,0.48165120477802736,0.4343976461263868,-0.2660834276927757,0.6323702761085795,0.30562650609018227,0.7243725829963772,0.6625667656780511,0.5120032581619173,0.22068283581146497,0.6345396611936208,0.9041175792468715
24,0.8966063852257635,0.1276527513210891,0.8492246632112344,0.8802102022365411,0.49469402760339093,-0.13348077927448393,-0.9620222776334013,-0.7234607728436055,0.8022749764363187,0.7906499509066741,0.6608500811061343,0.4198928755586939,0.5032225330502978,0.940844868643971
24,0.8940363521125492,0.13676395515433548,0.8717055230107257,0.8164311356142566,0.49469402760339093,-0.5048506298846821,-0.27970058661285846,-0.44597610783276037,1.4002593129379846,1.0265622032178274,0.9490976786154163,0.3643121233885506,2.2487838409159693,1.3995794104825021
24,0.7741014734958891,0.029482738188223806,0.6525308144546115,0.8595120900496867,0.49469402760339093,0.03539328629552566,-0.2819409178778771,-0.44727262469908086,1.32625203917004,1.1515590466337127,1.1091080132804498,0.6597561610582464,1.7084080481137989,1.1401706431389096
24,1.0111334858333691,0.2859224892694996,1.0895127826739275,0.9379723757812549,0.49469402760339093,-0.4097559242028254,-0.9086383840612434,-0.7105421609224187,0.6382069713951275,1.0105518050642495,0.9289890453234334,1.046464451551698,0.6875715783284245,0.09879152969978867
24,0.7793486244353678,0.015452339797121503,0.5856352146133014,0.9531349463367396,0.49469402760339093,0.2143362030553782,-0.8988257331204618,-0.7080021665161272,0.5477845504380523,0.6041191675993269,0.4458093585352824,0.2148908902368641,0.9532228210513113,0.39225326925137094
24,0.8965528428692385,0.12790940495019462,0.873291763726505,0.2806869759870507,0.2528194001927832,-0.36630088222560575,-0.6255437244670189,-0.6170750813776794,1.3315382730106076,1.0907966921954348,1.0306771873444585,0.5044881689669,2.234928051356939,1.087397450607155
24,0.9408859140721823,0.1931849779527012,0.9703259371676197,0.6652867815055918,0.49469402760339093,-0.6936268691515757,-0.40963979998393857,-0.517602771438483,1.2685486234577408,1.0724715376823035,1.0072051883417164,0.5436614538626221,2.044522685158656,1.097024992487948
24,0.9047983657741338,0.1967781287601786,0.9470246080323805,0.0017438129107122458,-1.0165055675859564,-0.5303466097981462,1.4851683745040967,1.4023619098276339,-0.33404272101871485,0.1000809703065685,-0.07758759483683492,0.1495899013295362,-0.5042051081295637,-0.634987620647993
